1001,1,7Networks_LH_Vis_1
1002,2,7Networks_LH_Vis_2
1003,3,7Networks_LH_Vis_3
1004,4,7Networks_LH_Vis_4
1005,5,7Networks_LH_Vis_5
1006,6,7Networks_LH_Vis_6
1007,7,7Networks_LH_Vis_7
1008,8,7Networks_LH_Vis_8
1009,9,7Networks_LH_Vis_9
1010,10,7Networks_LH_Vis_10
1011,11,7Networks_LH_Vis_11
1012,12,7Networks_LH_Vis_12
1013,13,7Networks_LH_Vis_13
1014,14,7Networks_LH_Vis_14
1015,15,7Networks_LH_Vis_15
1016,16,7Networks_LH_Vis_16
1017,17,7Networks_LH_Vis_17
1018,18,7Networks_LH_Vis_18
1019,19,7Networks_LH_Vis_19
1020,20,7Networks_LH_Vis_20
1021,21,7Networks_LH_Vis_21
1022,22,7Networks_LH_Vis_22
1023,23,7Networks_LH_Vis_23
1024,24,7Networks_LH_Vis_24
1025,25,7Networks_LH_Vis_25
1026,26,7Networks_LH_Vis_26
1027,27,7Networks_LH_Vis_27
1028,28,7Networks_LH_Vis_28
1029,29,7Networks_LH_Vis_29
1030,30,7Networks_LH_Vis_30
1031,31,7Networks_LH_Vis_31
1032,32,7Networks_LH_Vis_32
1033,33,7Networks_LH_Vis_33
1034,34,7Networks_LH_Vis_34
1035,35,7Networks_LH_Vis_35
1036,36,7Networks_LH_Vis_36
1037,37,7Networks_LH_Vis_37
1038,38,7Networks_LH_Vis_38
1039,39,7Networks_LH_Vis_39
1040,40,7Networks_LH_SomMot_1
1041,41,7Networks_LH_SomMot_2
1042,42,7Networks_LH_SomMot_3
1043,43,7Networks_LH_SomMot_4
1044,44,7Networks_LH_SomMot_5
1045,45,7Networks_LH_SomMot_6
1046,46,7Networks_LH_SomMot_7
1047,47,7Networks_LH_SomMot_8
1048,48,7Networks_LH_SomMot_9
1049,49,7Networks_LH_SomMot_10
1050,50,7Networks_LH_SomMot_11
1051,51,7Networks_LH_SomMot_12
1052,52,7Networks_LH_SomMot_13
1053,53,7Networks_LH_SomMot_14
1054,54,7Networks_LH_SomMot_15
1055,55,7Networks_LH_SomMot_16
1056,56,7Networks_LH_SomMot_17
1057,57,7Networks_LH_SomMot_18
1058,58,7Networks_LH_SomMot_19
1059,59,7Networks_LH_SomMot_20
1060,60,7Networks_LH_SomMot_21
1061,61,7Networks_LH_SomMot_22
1062,62,7Networks_LH_SomMot_23
1063,63,7Networks_LH_SomMot_24
1064,64,7Networks_LH_SomMot_25
1065,65,7Networks_LH_SomMot_26
1066,66,7Networks_LH_SomMot_27
1067,67,7Networks_LH_SomMot_28
1068,68,7Networks_LH_SomMot_29
1069,69,7Networks_LH_SomMot_30
1070,70,7Networks_LH_SomMot_31
1071,71,7Networks_LH_SomMot_32
1072,72,7Networks_LH_SomMot_33
1073,73,7Networks_LH_SomMot_34
1074,74,7Networks_LH_SomMot_35
1075,75,7Networks_LH_SomMot_36
1076,76,7Networks_LH_SomMot_37
1077,77,7Networks_LH_SomMot_38
1078,78,7Networks_LH_SomMot_39
1079,79,7Networks_LH_SomMot_40
1080,80,7Networks_LH_SomMot_41
1081,81,7Networks_LH_SomMot_42
1082,82,7Networks_LH_SomMot_43
1083,83,7Networks_LH_SomMot_44
1084,84,7Networks_LH_SomMot_45
1085,85,7Networks_LH_SomMot_46
1086,86,7Networks_LH_SomMot_47
1087,87,7Networks_LH_DorsAttn_Post_1
1088,88,7Networks_LH_DorsAttn_Post_2
1089,89,7Networks_LH_DorsAttn_Post_3
1090,90,7Networks_LH_DorsAttn_Post_4
1091,91,7Networks_LH_DorsAttn_Post_5
1092,92,7Networks_LH_DorsAttn_Post_6
1093,93,7Networks_LH_DorsAttn_Post_7
1094,94,7Networks_LH_DorsAttn_Post_8
1095,95,7Networks_LH_DorsAttn_Post_9
1096,96,7Networks_LH_DorsAttn_Post_10
1097,97,7Networks_LH_DorsAttn_Post_11
1098,98,7Networks_LH_DorsAttn_Post_12
1099,99,7Networks_LH_DorsAttn_Post_13
1100,100,7Networks_LH_DorsAttn_Post_14
1101,101,7Networks_LH_DorsAttn_Post_15
1102,102,7Networks_LH_DorsAttn_Post_16
1103,103,7Networks_LH_DorsAttn_Post_17
1104,104,7Networks_LH_DorsAttn_Post_18
1105,105,7Networks_LH_DorsAttn_Post_19
1106,106,7Networks_LH_DorsAttn_FEF_1
1107,107,7Networks_LH_DorsAttn_FEF_2
1108,108,7Networks_LH_DorsAttn_FEF_3
1109,109,7Networks_LH_DorsAttn_FEF_4
1110,110,7Networks_LH_DorsAttn_PrCv_1
1111,111,7Networks_LH_DorsAttn_PrCv_2
1112,112,7Networks_LH_SalVentAttn_ParOper_1
1113,113,7Networks_LH_SalVentAttn_ParOper_2
1114,114,7Networks_LH_SalVentAttn_ParOper_3
1115,115,7Networks_LH_SalVentAttn_ParOper_4
1116,116,7Networks_LH_SalVentAttn_ParOper_5
1117,117,7Networks_LH_SalVentAttn_TempOcc_1
1118,118,7Networks_LH_SalVentAttn_FrOperIns_1
1119,119,7Networks_LH_SalVentAttn_FrOperIns_2
1120,120,7Networks_LH_SalVentAttn_FrOperIns_3
1121,121,7Networks_LH_SalVentAttn_FrOperIns_4
1122,122,7Networks_LH_SalVentAttn_FrOperIns_5
1123,123,7Networks_LH_SalVentAttn_FrOperIns_6
1124,124,7Networks_LH_SalVentAttn_FrOperIns_7
1125,125,7Networks_LH_SalVentAttn_FrOperIns_8
1126,126,7Networks_LH_SalVentAttn_FrOperIns_9
1127,127,7Networks_LH_SalVentAttn_FrOperIns_10
1128,128,7Networks_LH_SalVentAttn_PFCl_1
1129,129,7Networks_LH_SalVentAttn_Med_1
1130,130,7Networks_LH_SalVentAttn_Med_2
1131,131,7Networks_LH_SalVentAttn_Med_3
1132,132,7Networks_LH_SalVentAttn_Med_4
1133,133,7Networks_LH_SalVentAttn_Med_5
1134,134,7Networks_LH_SalVentAttn_Med_6
1135,135,7Networks_LH_SalVentAttn_Med_7
1136,136,7Networks_LH_SalVentAttn_Med_8
1137,137,7Networks_LH_SalVentAttn_Med_9
1138,138,7Networks_LH_SalVentAttn_Med_10
1139,139,7Networks_LH_Limbic_OFC_1
1140,140,7Networks_LH_Limbic_OFC_2
1141,141,7Networks_LH_Limbic_OFC_3
1142,142,7Networks_LH_Limbic_OFC_4
1143,143,7Networks_LH_Limbic_OFC_5
1144,144,7Networks_LH_Limbic_OFC_6
1145,145,7Networks_LH_Limbic_TempPole_1
1146,146,7Networks_LH_Limbic_TempPole_2
1147,147,7Networks_LH_Limbic_TempPole_3
1148,148,7Networks_LH_Limbic_TempPole_4
1149,149,7Networks_LH_Limbic_TempPole_5
1150,150,7Networks_LH_Limbic_TempPole_6
1151,151,7Networks_LH_Limbic_TempPole_7
1152,152,7Networks_LH_Limbic_TempPole_8
1153,153,7Networks_LH_Limbic_TempPole_9
1154,154,7Networks_LH_Limbic_TempPole_10
1155,155,7Networks_LH_Cont_Par_1
1156,156,7Networks_LH_Cont_Par_2
1157,157,7Networks_LH_Cont_Par_3
1158,158,7Networks_LH_Cont_Par_4
1159,159,7Networks_LH_Cont_Par_5
1160,160,7Networks_LH_Cont_Par_6
1161,161,7Networks_LH_Cont_Par_7
1162,162,7Networks_LH_Cont_Par_8
1163,163,7Networks_LH_Cont_Temp_1
1164,164,7Networks_LH_Cont_PFCd_1
1165,165,7Networks_LH_Cont_PFCd_2
1166,166,7Networks_LH_Cont_OFC_1
1167,167,7Networks_LH_Cont_PFCl_1
1168,168,7Networks_LH_Cont_PFCl_2
1169,169,7Networks_LH_Cont_PFCl_3
1170,170,7Networks_LH_Cont_PFCl_4
1171,171,7Networks_LH_Cont_PFCl_5
1172,172,7Networks_LH_Cont_PFCl_6
1173,173,7Networks_LH_Cont_PFCl_7
1174,174,7Networks_LH_Cont_PFCl_8
1175,175,7Networks_LH_Cont_PFCl_9
1176,176,7Networks_LH_Cont_PFCv_1
1177,177,7Networks_LH_Cont_pCun_1
1178,178,7Networks_LH_Cont_pCun_2
1179,179,7Networks_LH_Cont_pCun_3
1180,180,7Networks_LH_Cont_Cing_1
1181,181,7Networks_LH_Cont_Cing_2
1182,182,7Networks_LH_Cont_Cing_3
1183,183,7Networks_LH_Cont_PFCmp_1
1184,184,7Networks_LH_Cont_PFCmp_2
1185,185,7Networks_LH_Cont_PFCmp_3
1186,186,7Networks_LH_Default_Temp_1
1187,187,7Networks_LH_Default_Temp_2
1188,188,7Networks_LH_Default_Temp_3
1189,189,7Networks_LH_Default_Temp_4
1190,190,7Networks_LH_Default_Temp_5
1191,191,7Networks_LH_Default_Temp_6
1192,192,7Networks_LH_Default_Temp_7
1193,193,7Networks_LH_Default_Temp_8
1194,194,7Networks_LH_Default_Temp_9
1195,195,7Networks_LH_Default_Temp_10
1196,196,7Networks_LH_Default_Temp_11
1197,197,7Networks_LH_Default_Temp_12
1198,198,7Networks_LH_Default_Par_1
1199,199,7Networks_LH_Default_Par_2
1200,200,7Networks_LH_Default_Par_3
1201,201,7Networks_LH_Default_Par_4
1202,202,7Networks_LH_Default_Par_5
1203,203,7Networks_LH_Default_Par_6
1204,204,7Networks_LH_Default_Par_7
1205,205,7Networks_LH_Default_Par_8
1206,206,7Networks_LH_Default_Par_9
1207,207,7Networks_LH_Default_PFC_1
1208,208,7Networks_LH_Default_PFC_2
1209,209,7Networks_LH_Default_PFC_3
1210,210,7Networks_LH_Default_PFC_4
1211,211,7Networks_LH_Default_PFC_5
1212,212,7Networks_LH_Default_PFC_6
1213,213,7Networks_LH_Default_PFC_7
1214,214,7Networks_LH_Default_PFC_8
1215,215,7Networks_LH_Default_PFC_9
1216,216,7Networks_LH_Default_PFC_10
1217,217,7Networks_LH_Default_PFC_11
1218,218,7Networks_LH_Default_PFC_12
1219,219,7Networks_LH_Default_PFC_13
1220,220,7Networks_LH_Default_PFC_14
1221,221,7Networks_LH_Default_PFC_15
1222,222,7Networks_LH_Default_PFC_16
1223,223,7Networks_LH_Default_PFC_17
1224,224,7Networks_LH_Default_PFC_18
1225,225,7Networks_LH_Default_PFC_19
1226,226,7Networks_LH_Default_PFC_20
1227,227,7Networks_LH_Default_PFC_21
1228,228,7Networks_LH_Default_PFC_22
1229,229,7Networks_LH_Default_PFC_23
1230,230,7Networks_LH_Default_PFC_24
1231,231,7Networks_LH_Default_PFC_25
1232,232,7Networks_LH_Default_PFC_26
1233,233,7Networks_LH_Default_PFC_27
1234,234,7Networks_LH_Default_PFC_28
1235,235,7Networks_LH_Default_PFC_29
1236,236,7Networks_LH_Default_PFC_30
1237,237,7Networks_LH_Default_pCunPCC_1
1238,238,7Networks_LH_Default_pCunPCC_2
1239,239,7Networks_LH_Default_pCunPCC_3
1240,240,7Networks_LH_Default_pCunPCC_4
1241,241,7Networks_LH_Default_pCunPCC_5
1242,242,7Networks_LH_Default_pCunPCC_6
1243,243,7Networks_LH_Default_pCunPCC_7
1244,244,7Networks_LH_Default_pCunPCC_8
1245,245,7Networks_LH_Default_pCunPCC_9
1246,246,7Networks_LH_Default_pCunPCC_10
1247,247,7Networks_LH_Default_pCunPCC_11
1248,248,7Networks_LH_Default_pCunPCC_12
1249,249,7Networks_LH_Default_PHC_1
1250,250,7Networks_LH_Default_PHC_2
2001,251,7Networks_RH_Vis_1
2002,252,7Networks_RH_Vis_2
2003,253,7Networks_RH_Vis_3
2004,254,7Networks_RH_Vis_4
2005,255,7Networks_RH_Vis_5
2006,256,7Networks_RH_Vis_6
2007,257,7Networks_RH_Vis_7
2008,258,7Networks_RH_Vis_8
2009,259,7Networks_RH_Vis_9
2010,260,7Networks_RH_Vis_10
2011,261,7Networks_RH_Vis_11
2012,262,7Networks_RH_Vis_12
2013,263,7Networks_RH_Vis_13
2014,264,7Networks_RH_Vis_14
2015,265,7Networks_RH_Vis_15
2016,266,7Networks_RH_Vis_16
2017,267,7Networks_RH_Vis_17
2018,268,7Networks_RH_Vis_18
2019,269,7Networks_RH_Vis_19
2020,270,7Networks_RH_Vis_20
2021,271,7Networks_RH_Vis_21
2022,272,7Networks_RH_Vis_22
2023,273,7Networks_RH_Vis_23
2024,274,7Networks_RH_Vis_24
2025,275,7Networks_RH_Vis_25
2026,276,7Networks_RH_Vis_26
2027,277,7Networks_RH_Vis_27
2028,278,7Networks_RH_Vis_28
2029,279,7Networks_RH_Vis_29
2030,280,7Networks_RH_Vis_30
2031,281,7Networks_RH_Vis_31
2032,282,7Networks_RH_Vis_32
2033,283,7Networks_RH_Vis_33
2034,284,7Networks_RH_Vis_34
2035,285,7Networks_RH_Vis_35
2036,286,7Networks_RH_SomMot_1
2037,287,7Networks_RH_SomMot_2
2038,288,7Networks_RH_SomMot_3
2039,289,7Networks_RH_SomMot_4
2040,290,7Networks_RH_SomMot_5
2041,291,7Networks_RH_SomMot_6
2042,292,7Networks_RH_SomMot_7
2043,293,7Networks_RH_SomMot_8
2044,294,7Networks_RH_SomMot_9
2045,295,7Networks_RH_SomMot_10
2046,296,7Networks_RH_SomMot_11
2047,297,7Networks_RH_SomMot_12
2048,298,7Networks_RH_SomMot_13
2049,299,7Networks_RH_SomMot_14
2050,300,7Networks_RH_SomMot_15
2051,301,7Networks_RH_SomMot_16
2052,302,7Networks_RH_SomMot_17
2053,303,7Networks_RH_SomMot_18
2054,304,7Networks_RH_SomMot_19
2055,305,7Networks_RH_SomMot_20
2056,306,7Networks_RH_SomMot_21
2057,307,7Networks_RH_SomMot_22
2058,308,7Networks_RH_SomMot_23
2059,309,7Networks_RH_SomMot_24
2060,310,7Networks_RH_SomMot_25
2061,311,7Networks_RH_SomMot_26
2062,312,7Networks_RH_SomMot_27
2063,313,7Networks_RH_SomMot_28
2064,314,7Networks_RH_SomMot_29
2065,315,7Networks_RH_SomMot_30
2066,316,7Networks_RH_SomMot_31
2067,317,7Networks_RH_SomMot_32
2068,318,7Networks_RH_SomMot_33
2069,319,7Networks_RH_SomMot_34
2070,320,7Networks_RH_SomMot_35
2071,321,7Networks_RH_SomMot_36
2072,322,7Networks_RH_SomMot_37
2073,323,7Networks_RH_SomMot_38
2074,324,7Networks_RH_SomMot_39
2075,325,7Networks_RH_SomMot_40
2076,326,7Networks_RH_SomMot_41
2077,327,7Networks_RH_SomMot_42
2078,328,7Networks_RH_SomMot_43
2079,329,7Networks_RH_SomMot_44
2080,330,7Networks_RH_SomMot_45
2081,331,7Networks_RH_SomMot_46
2082,332,7Networks_RH_SomMot_47
2083,333,7Networks_RH_SomMot_48
2084,334,7Networks_RH_SomMot_49
2085,335,7Networks_RH_DorsAttn_Post_1
2086,336,7Networks_RH_DorsAttn_Post_2
2087,337,7Networks_RH_DorsAttn_Post_3
2088,338,7Networks_RH_DorsAttn_Post_4
2089,339,7Networks_RH_DorsAttn_Post_5
2090,340,7Networks_RH_DorsAttn_Post_6
2091,341,7Networks_RH_DorsAttn_Post_7
2092,342,7Networks_RH_DorsAttn_Post_8
2093,343,7Networks_RH_DorsAttn_Post_9
2094,344,7Networks_RH_DorsAttn_Post_10
2095,345,7Networks_RH_DorsAttn_Post_11
2096,346,7Networks_RH_DorsAttn_Post_12
2097,347,7Networks_RH_DorsAttn_Post_13
2098,348,7Networks_RH_DorsAttn_Post_14
2099,349,7Networks_RH_DorsAttn_Post_15
2100,350,7Networks_RH_DorsAttn_Post_16
2101,351,7Networks_RH_DorsAttn_Post_17
2102,352,7Networks_RH_DorsAttn_Post_18
2103,353,7Networks_RH_DorsAttn_Post_19
2104,354,7Networks_RH_DorsAttn_Post_20
2105,355,7Networks_RH_DorsAttn_Post_21
2106,356,7Networks_RH_DorsAttn_Post_22
2107,357,7Networks_RH_DorsAttn_Post_23
2108,358,7Networks_RH_DorsAttn_Post_24
2109,359,7Networks_RH_DorsAttn_FEF_1
2110,360,7Networks_RH_DorsAttn_FEF_2
2111,361,7Networks_RH_DorsAttn_FEF_3
2112,362,7Networks_RH_DorsAttn_FEF_4
2113,363,7Networks_RH_DorsAttn_PrCv_1
2114,364,7Networks_RH_DorsAttn_PrCv_2
2115,365,7Networks_RH_DorsAttn_PrCv_3
2116,366,7Networks_RH_SalVentAttn_TempOccPar_1
2117,367,7Networks_RH_SalVentAttn_TempOccPar_2
2118,368,7Networks_RH_SalVentAttn_TempOccPar_3
2119,369,7Networks_RH_SalVentAttn_TempOccPar_4
2120,370,7Networks_RH_SalVentAttn_TempOccPar_5
2121,371,7Networks_RH_SalVentAttn_TempOccPar_6
2122,372,7Networks_RH_SalVentAttn_TempOccPar_7
2123,373,7Networks_RH_SalVentAttn_TempOccPar_8
2124,374,7Networks_RH_SalVentAttn_PrC_1
2125,375,7Networks_RH_SalVentAttn_FrOperIns_1
2126,376,7Networks_RH_SalVentAttn_FrOperIns_2
2127,377,7Networks_RH_SalVentAttn_FrOperIns_3
2128,378,7Networks_RH_SalVentAttn_FrOperIns_4
2129,379,7Networks_RH_SalVentAttn_FrOperIns_5
2130,380,7Networks_RH_SalVentAttn_FrOperIns_6
2131,381,7Networks_RH_SalVentAttn_FrOperIns_7
2132,382,7Networks_RH_SalVentAttn_FrOperIns_8
2133,383,7Networks_RH_SalVentAttn_FrOperIns_9
2134,384,7Networks_RH_SalVentAttn_PFCl_1
2135,385,7Networks_RH_SalVentAttn_Med_1
2136,386,7Networks_RH_SalVentAttn_Med_2
2137,387,7Networks_RH_SalVentAttn_Med_3
2138,388,7Networks_RH_SalVentAttn_Med_4
2139,389,7Networks_RH_SalVentAttn_Med_5
2140,390,7Networks_RH_SalVentAttn_Med_6
2141,391,7Networks_RH_SalVentAttn_Med_7
2142,392,7Networks_RH_SalVentAttn_Med_8
2143,393,7Networks_RH_SalVentAttn_Med_9
2144,394,7Networks_RH_SalVentAttn_Med_10
2145,395,7Networks_RH_SalVentAttn_Med_11
2146,396,7Networks_RH_SalVentAttn_Med_12
2147,397,7Networks_RH_SalVentAttn_Med_13
2148,398,7Networks_RH_Limbic_OFC_1
2149,399,7Networks_RH_Limbic_OFC_2
2150,400,7Networks_RH_Limbic_OFC_3
2151,401,7Networks_RH_Limbic_OFC_4
2152,402,7Networks_RH_Limbic_OFC_5
2153,403,7Networks_RH_Limbic_OFC_6
2154,404,7Networks_RH_Limbic_OFC_7
2155,405,7Networks_RH_Limbic_TempPole_1
2156,406,7Networks_RH_Limbic_TempPole_2
2157,407,7Networks_RH_Limbic_TempPole_3
2158,408,7Networks_RH_Limbic_TempPole_4
2159,409,7Networks_RH_Limbic_TempPole_5
2160,410,7Networks_RH_Limbic_TempPole_6
2161,411,7Networks_RH_Limbic_TempPole_7
2162,412,7Networks_RH_Limbic_TempPole_8
2163,413,7Networks_RH_Limbic_TempPole_9
2164,414,7Networks_RH_Limbic_TempPole_10
2165,415,7Networks_RH_Cont_Par_1
2166,416,7Networks_RH_Cont_Par_2
2167,417,7Networks_RH_Cont_Par_3
2168,418,7Networks_RH_Cont_Par_4
2169,419,7Networks_RH_Cont_Par_5
2170,420,7Networks_RH_Cont_Par_6
2171,421,7Networks_RH_Cont_Temp_1
2172,422,7Networks_RH_Cont_Temp_2
2173,423,7Networks_RH_Cont_PFCv_1
2174,424,7Networks_RH_Cont_PFCl_1
2175,425,7Networks_RH_Cont_PFCl_2
2176,426,7Networks_RH_Cont_PFCl_3
2177,427,7Networks_RH_Cont_PFCl_4
2178,428,7Networks_RH_Cont_PFCl_5
2179,429,7Networks_RH_Cont_PFCl_6
2180,430,7Networks_RH_Cont_PFCl_7
2181,431,7Networks_RH_Cont_PFCl_8
2182,432,7Networks_RH_Cont_PFCl_9
2183,433,7Networks_RH_Cont_PFCl_10
2184,434,7Networks_RH_Cont_PFCl_11
2185,435,7Networks_RH_Cont_PFCl_12
2186,436,7Networks_RH_Cont_PFCl_13
2187,437,7Networks_RH_Cont_PFCl_14
2188,438,7Networks_RH_Cont_PFCl_15
2189,439,7Networks_RH_Cont_PFCl_16
2190,440,7Networks_RH_Cont_PFCl_17
2191,441,7Networks_RH_Cont_PFCl_18
2192,442,7Networks_RH_Cont_PFCl_19
2193,443,7Networks_RH_Cont_PFCl_20
2194,444,7Networks_RH_Cont_pCun_1
2195,445,7Networks_RH_Cont_pCun_2
2196,446,7Networks_RH_Cont_pCun_3
2197,447,7Networks_RH_Cont_Cing_1
2198,448,7Networks_RH_Cont_Cing_2
2199,449,7Networks_RH_Cont_Cing_3
2200,450,7Networks_RH_Cont_PFCmp_1
2201,451,7Networks_RH_Cont_PFCmp_2
2202,452,7Networks_RH_Cont_PFCmp_3
2203,453,7Networks_RH_Default_Par_1
2204,454,7Networks_RH_Default_Par_2
2205,455,7Networks_RH_Default_Par_3
2206,456,7Networks_RH_Default_Par_4
2207,457,7Networks_RH_Default_Par_5
2208,458,7Networks_RH_Default_Par_6
2209,459,7Networks_RH_Default_Par_7
2210,460,7Networks_RH_Default_Par_8
2211,461,7Networks_RH_Default_Temp_1
2212,462,7Networks_RH_Default_Temp_2
2213,463,7Networks_RH_Default_Temp_3
2214,464,7Networks_RH_Default_Temp_4
2215,465,7Networks_RH_Default_Temp_5
2216,466,7Networks_RH_Default_Temp_6
2217,467,7Networks_RH_Default_Temp_7
2218,468,7Networks_RH_Default_Temp_8
2219,469,7Networks_RH_Default_Temp_9
2220,470,7Networks_RH_Default_Temp_10
2221,471,7Networks_RH_Default_PFCv_1
2222,472,7Networks_RH_Default_PFCv_2
2223,473,7Networks_RH_Default_PFCv_3
2224,474,7Networks_RH_Default_PFCv_4
2225,475,7Networks_RH_Default_PFCdPFCm_1
2226,476,7Networks_RH_Default_PFCdPFCm_2
2227,477,7Networks_RH_Default_PFCdPFCm_3
2228,478,7Networks_RH_Default_PFCdPFCm_4
2229,479,7Networks_RH_Default_PFCdPFCm_5
2230,480,7Networks_RH_Default_PFCdPFCm_6
2231,481,7Networks_RH_Default_PFCdPFCm_7
2232,482,7Networks_RH_Default_PFCdPFCm_8
2233,483,7Networks_RH_Default_PFCdPFCm_9
2234,484,7Networks_RH_Default_PFCdPFCm_10
2235,485,7Networks_RH_Default_PFCdPFCm_11
2236,486,7Networks_RH_Default_PFCdPFCm_12
2237,487,7Networks_RH_Default_PFCdPFCm_13
2238,488,7Networks_RH_Default_PFCdPFCm_14
2239,489,7Networks_RH_Default_PFCdPFCm_15
2240,490,7Networks_RH_Default_pCunPCC_1
2241,491,7Networks_RH_Default_pCunPCC_2
2242,492,7Networks_RH_Default_pCunPCC_3
2243,493,7Networks_RH_Default_pCunPCC_4
2244,494,7Networks_RH_Default_pCunPCC_5
2245,495,7Networks_RH_Default_pCunPCC_6
2246,496,7Networks_RH_Default_pCunPCC_7
2247,497,7Networks_RH_Default_pCunPCC_8
2248,498,7Networks_RH_Default_pCunPCC_9
2249,499,7Networks_RH_Default_pCunPCC_10
2250,500,7Networks_RH_Default_pCunPCC_11
10,501,Cerebellum-Left
11,502,Thalamus-Proper-Left
12,503,Caudate-Left
13,504,Putamen-Left
17,505,Pallidum-Left
18,506,Hippocampus-Left
26,507,Amygdala-Left
28,508,Accubens-area-Left
49,509,VentralDC-Left
50,510,Cerebellum-Right
51,511,Thalamus-Proper-Right
52,512,Caudate-Right
53,513,Putamen-Right
54,514,Pallidum-Right
58,515,Hippocampus-Right
60,516,Amygdala-Right
8,517,Accumbens-area-Right
47,518,VentalDC-Right
1000,519,MedialWall-Left
2000,520,MedialWall-Right
